target,prior
downwarddog,0.13788487282463185
mountain,0.214190093708166
bridge,0.10843373493975904
childs,0.09236947791164658
trianglepose,0.07898259705488621
warrior1,0.07228915662650602
warrior2,0.07228915662650602
tree,0.08969210174029452
plank,0.07630522088353414
seatedforwardbend,0.05756358768406961
